-12.749,8.235,-1000.948975
-13.847,7.625,-1001.315002
-10.187,8.052,-1000.400024
-11.834,6.405,-999.484985
-11.834,6.405,-999.484985
-11.834,6.405,-999.484985
-11.834,6.405,-999.484985
-14.64,7.564,-995.703003
-14.64,7.564,-995.703003
-14.64,7.564,-995.703003
-12.505,7.442,-1001.986023
-12.505,7.442,-1001.986023
-12.505,7.442,-1001.986023
-13.054,7.747,-1002.107971
-13.054,7.747,-1002.107971
-10.797,8.723,-996.617981
-10.797,8.723,-996.617981
-11.895,8.357,-1000.460999
-15.128,8.174,-996.495972
-12.261,6.283,-1001.375977
-12.261,6.283,-1001.375977
-11.651,7.259,-999.911987
-10.675,7.259,-1002.35199
-12.444,6.893,-1000.460999
-12.444,6.893,-1000.460999
-14.396,7.869,-998.630981
-14.396,7.869,-998.630981
-14.396,7.869,-998.630981
-14.396,7.869,-998.630981
-9.272,8.967,-1000.094971
-9.272,8.967,-1000.094971
-12.383,7.015,-1000.400024
-8.967,6.527,-996.73999
-8.967,6.527,-996.73999
-8.967,6.527,-996.73999
-12.322,8.784,-996.862
-12.322,8.784,-996.862
-12.322,8.784,-996.862
-12.322,8.784,-996.862
-12.322,8.784,-996.862
-12.322,8.784,-996.862
-13.603,8.235,-998.630981
-13.603,8.235,-998.630981
-8.235,7.137,-1002.534973
-8.235,7.137,-1002.534973
-8.235,7.137,-1002.534973
-13.481,8.052,-997.838013
-10.187,6.588,-1002.413025
-14.152,7.869,-997.898987
-13.908,10.187,-1000.338989
-9.455,8.357,-994.788025
-9.455,8.357,-994.788025
-15.738,7.869,-1001.619995
-11.773,8.662,-999.119019
-11.773,8.662,-999.119019
-15.86,7.32,-996.312988
-15.86,7.32,-996.312988
-12.017,6.161,-1001.864014
-9.943,6.405,-1001.68103
-14.945,9.211,-998.935974
-14.701,9.638,-1001.375977
-12.017,7.259,-1000.827026
-12.383,9.211,-1001.254028
-12.505,7.747,-1001.559021
-13.847,8.54,-999.362976
-13.847,8.54,-999.362976
-13.847,8.54,-999.362976
-13.847,8.54,-999.362976
-13.908,8.784,-997.106018
-13.908,8.784,-997.106018
-13.664,7.381,-996.73999
-11.224,7.198,-998.935974
-11.224,7.198,-998.935974
-10.004,6.405,-997.898987
-10.004,6.405,-997.898987
-10.004,6.405,-997.898987
-13.054,7.442,-997.53302
-11.163,6.161,-1001.375977
-11.163,6.161,-1001.375977
-11.163,6.161,-1001.375977
-11.163,6.161,-1001.375977
-14.335,7.869,-1001.070984
-14.213,6.893,-996.73999
-14.213,6.893,-996.73999
-11.102,6.893,-998.143005
-11.102,6.893,-998.143005
-11.895,5.978,-998.265015
-14.579,8.418,-997.471985
-14.884,8.113,-996.922974
-14.823,6.832,-1001.070984
-14.823,6.832,-1001.070984
-14.823,6.832,-1001.070984
-14.823,6.832,-1001.070984
-14.823,6.832,-1001.070984
-14.823,6.832,-1001.070984
-14.823,6.832,-1001.070984
-14.823,6.832,-1001.070984
-14.823,6.832,-1001.070984
-9.577,7.32,-997.898987
-12.2,8.967,-999.119019
-12.139,6.527,-998.325989
-10.187,7.686,-997.53302
-15.067,7.991,-1001.864014
-15.067,7.991,-1001.864014
-11.468,7.259,-999.119019
-11.468,7.259,-999.119019
-11.468,7.259,-999.119019
-11.468,7.259,-999.119019
-11.468,7.259,-999.119019
-12.749,7.259,-999.546021
-10.004,6.527,-1001.559021
-10.004,6.527,-1001.559021
-13.969,8.174,-997.593994
-13.969,8.174,-997.593994
-11.468,7.869,-997.593994
-13.359,5.978,-997.289001
-13.359,5.978,-997.289001
-13.359,5.978,-997.289001
-14.457,7.137,-998.143005
-15.372,7.32,-999.606995
-12.993,8.601,-999.362976
-12.993,8.601,-999.362976
-12.993,8.601,-999.362976
-13.969,8.174,-1005.645996
-13.969,8.174,-1005.645996
-13.969,8.174,-1005.645996
-14.64,7.869,-1003.69397
-14.64,7.869,-1003.69397
-14.64,7.869,-1003.69397
-14.64,7.869,-1003.69397
-14.64,7.869,-1003.69397
-14.64,7.869,-1003.69397
-14.64,7.869,-1003.69397
-14.64,7.869,-1003.69397
-11.407,6.1,-997.593994
-11.407,6.1,-997.593994
-13.786,8.174,-994.788025
-13.786,8.174,-994.788025
-13.054,7.32,-999.119019
-10.98,7.198,-1003.632996
-15.128,8.296,-1000.033997
-15.128,8.296,-1000.033997
-13.237,7.808,-996.374023
-11.712,7.808,-998.265015
-12.383,7.808,-997.349976
-14.274,7.503,-1001.070984
-14.457,8.113,-1001.802979
-11.834,8.113,-994.177979
-15.86,7.991,-998.265015
-11.102,6.1,-998.265015
-13.481,6.283,-996.557007
-13.115,7.686,-1001.070984
-13.115,7.686,-1001.070984
-13.115,7.686,-1001.070984
-12.627,8.174,-1000.827026
-12.627,8.174,-1000.827026
-12.81,7.747,-997.289001
-13.42,8.845,-1000.460999
-14.823,6.771,-995.276001
-11.529,6.71,-1000.156006
-11.895,7.564,-998.752991
-11.895,7.564,-998.752991
-13.908,8.296,-1002.291016
-11.102,7.32,-997.53302
-10.736,7.259,-1000.156006
-10.736,7.259,-1000.156006
-12.261,7.747,-1000.460999
-12.749,7.564,-998.692017
-12.749,7.564,-998.692017
-13.969,8.967,-998.020996
-10.248,8.967,-1002.35199
-14.884,7.991,-998.875
-14.884,7.991,-998.875
-14.884,7.991,-998.875
-14.701,7.137,-998.875
-12.017,7.381,-999.302002
-9.394,6.222,-1001.864014
-9.394,6.222,-1001.864014
-9.394,6.222,-1001.864014
-10.309,8.723,-1000.888
-11.895,8.052,-996.130005
-14.152,5.856,-998.814026
-14.152,5.856,-998.814026
-14.152,5.856,-998.814026
-14.152,5.856,-998.814026
-14.152,5.856,-998.814026
-12.749,8.784,-1000.827026
-13.115,8.906,-998.387024
-16.165001,9.821,-998.997009
-13.298,9.394,-1000.156006
-13.298,9.394,-1000.156006
-10.37,8.113,-1000.338989
-10.37,8.113,-1000.338989
-9.882,6.649,-999.484985
-13.054,9.455,-1000.888
-13.054,9.455,-1000.888
-13.054,9.455,-1000.888
-13.054,9.455,-1000.888
-12.749,6.222,-996.984009
-8.845,8.357,-996.922974
-8.845,8.357,-996.922974
-13.176,8.906,-999.179993
-13.176,8.906,-999.179993
-13.359,7.32,-997.044983
-9.577,7.076,-994.909973
-13.481,8.357,-995.580994
-14.396,8.418,-999.66803
-14.335,7.625,-999.179993
-9.638,7.076,-998.570007
-13.237,6.954,-998.752991
-11.895,8.662,-1000.460999
-11.895,8.662,-1000.460999
-11.895,8.662,-1000.460999
-10.492,7.076,-1000.888
-10.492,7.076,-1000.888
-13.237,8.784,-994.909973
-12.81,8.174,-998.997009
-12.81,8.174,-998.997009
-11.773,6.283,-1001.802979
-10.492,7.564,-998.08197
-10.309,6.283,-999.484985
-11.834,7.381,-996.862
-14.457,8.296,-999.911987
-13.664,8.113,-1002.046997
-9.577,8.54,-1002.596008
-12.444,6.771,-999.362976
-12.444,6.771,-999.362976
-12.444,6.771,-999.362976
-12.444,6.771,-999.362976
-12.749,6.161,-1000.643982
-12.017,8.723,-1001.315002
-12.017,8.723,-1001.315002
-12.017,8.723,-1001.315002
-13.603,8.662,-998.630981
-13.603,8.662,-998.630981
-11.773,8.113,-1001.254028
-13.725,6.771,-997.838013
-12.749,6.954,-998.692017
-12.749,6.954,-998.692017
-12.749,6.954,-998.692017
-15.128,8.845,-999.179993
-10.065,5.246,-998.508972
-13.115,6.771,-998.265015
-12.261,9.089,-1001.559021
-11.651,7.137,-1002.778992
-12.2,7.137,-1000.705017
-10.98,8.662,-1001.619995
-10.98,8.662,-1001.619995
-10.98,8.662,-1001.619995
-10.98,8.662,-1001.619995
-10.98,8.662,-1001.619995
-10.98,8.662,-1001.619995
-11.102,6.039,-995.703003
-11.102,6.039,-995.703003
-13.298,6.588,-1000.094971
-13.298,6.588,-1000.094971
-15.189,7.137,-998.630981
-14.823,7.32,-998.570007
-14.823,7.32,-998.570007
-11.041,8.235,-999.119019
-11.041,8.235,-999.119019
-11.285,7.808,-1000.765991
-8.357,7.015,-1001.375977
-13.359,8.174,-998.020996
-13.359,8.174,-998.020996
-13.359,8.174,-998.020996
-13.359,8.174,-998.020996
-13.359,8.174,-998.020996
-13.359,8.174,-998.020996
-13.237,7.198,-999.911987
-13.237,7.198,-999.911987
-11.712,7.381,-1001.802979
-11.712,7.381,-1001.802979
-12.261,10.309,-1002.169006
-12.261,10.309,-1002.169006
-12.261,10.309,-1002.169006
-12.261,8.662,-998.935974
-13.908,7.442,-999.119019
-13.908,7.442,-999.119019
-13.725,7.93,-997.411011
-12.993,7.747,-999.789978
-15.311,7.015,-996.312988
-13.786,7.991,-999.973022
-9.821,6.466,-999.546021
-12.505,7.015,-998.752991
-12.505,7.015,-998.752991
-12.505,7.015,-998.752991
-16.226,8.967,-1002.473999
-11.468,7.503,-996.312988
-11.468,7.503,-996.312988
-12.078,7.137,-1000.338989
-12.078,7.137,-1000.338989
-10.248,7.503,-1002.534973
-13.969,7.625,-1000.521973
-13.969,7.625,-1000.521973
-10.797,7.991,-1003.632996
-10.797,7.991,-1003.632996
-14.335,6.771,-995.825012
-14.823,7.198,-995.763977
-14.091,7.625,-1001.315002
-12.2,8.784,-1002.35199
-11.956,8.174,-998.752991
-11.956,8.174,-998.752991
-11.956,8.174,-998.752991
-12.871,5.917,-1002.046997
-12.993,8.662,-1000.827026
-12.993,8.662,-1000.827026
-12.993,8.662,-1000.827026
-16.348,7.137,-999.546021
-16.348,7.137,-999.546021
-13.603,7.259,-998.08197
-12.871,7.442,-997.411011
-14.213,7.442,-1001.254028
-14.213,7.442,-1001.254028
-12.322,7.564,-998.692017
-12.322,7.564,-998.692017
-12.322,7.564,-998.692017
-13.908,7.625,-1000.21698
-10.309,7.32,-996.73999
-10.309,7.32,-996.73999
-12.017,8.479,-995.215027
-11.834,6.283,-998.203979
-11.834,6.283,-998.203979
-13.115,8.723,-1001.864014
-13.054,8.906,-999.179993
-13.054,8.906,-999.179993
-13.054,8.906,-999.179993
-11.407,6.161,-996.617981
-11.773,10.065,-1001.01001
-11.773,10.065,-1001.01001
-15.799,7.381,-999.484985
-13.42,8.418,-996.495972
-13.42,8.418,-996.495972
-13.42,8.418,-996.495972
-14.152,9.089,-1002.291016
-14.152,9.089,-1002.291016
-14.152,9.089,-1002.291016
-14.152,9.089,-1002.291016
-10.187,8.296,-1001.559021
-10.187,8.296,-1001.559021
-11.895,8.479,-999.546021
-9.577,7.93,-1003.937988
-12.505,8.052,-1001.619995
-12.505,8.052,-1001.619995
-12.444,7.015,-998.692017
-11.529,7.442,-994.971008
-11.529,7.442,-994.971008
-14.152,7.442,-999.179993
-9.882,8.601,-1003.877014
-13.847,6.71,-1000.888
-13.847,6.71,-1000.888
-13.847,6.71,-1000.888
-13.847,6.71,-1000.888
-13.847,6.71,-1000.888
-13.298,7.564,-997.471985
-9.76,7.808,-1001.437012
-9.76,7.808,-1001.437012
-15.738,5.307,-1003.999023
-15.738,5.307,-1003.999023
-15.738,5.307,-1003.999023
-15.738,5.307,-1003.999023
-13.725,8.113,-998.387024
-13.725,8.113,-998.387024
-13.725,8.113,-998.387024
-16.775,7.747,-1001.254028
-16.775,7.747,-1001.254
-16.775,7.747,-1001.254028
-11.712,6.71,-999.057983
-11.712,6.71,-999.057983
-11.712,6.71,-999.057983
-13.237,10.065,-998.508972
-13.481,7.93,-999.851013
-13.725,7.137,-997.960022
-13.725,7.137,-997.960022
-11.041,5.246,-996.312988
-12.627,7.015,-999.119019
-12.627,7.015,-999.119019
-13.176,8.479,-1001.192993
-13.176,8.479,-1001.192993
-8.784,8.54,-1003.14502
-11.468,6.832,-998.325989
-13.115,10.126,-1003.510986
-13.115,10.126,-1003.510986
-13.115,10.126,-1003.510986
-13.115,10.126,-1003.51098
-11.041,9.333,-1000.583008
-12.81,6.405,-1001.864014
-10.736,3.721,-997.349976
-11.651,6.527,-1001.375977
-11.651,6.527,-1001.375977
-11.651,6.527,-1001.375977
-13.908,7.869,-1002.961975
-13.908,8.052,-1001.619995
-12.871,8.418,-1003.267029
-12.871,8.418,-1003.267029
-12.139,8.967,-999.362976
-12.993,7.625,-1001.375977
-12.322,7.686,-1000.338989
-11.773,7.198,-1002.169006
-11.773,7.198,-1002.169006
-11.773,7.198,-1002.169006
-11.773,7.198,-1002.169006
-11.773,7.198,-1002.169006
-11.407,6.405,-999.119019
-12.261,7.137,-1001.132019
-14.762,7.137,-998.752991
-14.762,7.137,-998.752991
-12.505,5.307,-995.093018
-12.505,5.307,-995.093018
-11.834,8.113,-998.447998
-12.078,8.54,-1002.22998
-13.542,8.357,-1001.924988
-13.542,8.357,-1001.924988
-13.542,8.357,-1001.924988
-14.457,8.662,-1001.924988
-13.115,8.113,-998.265015
-12.2,10.98,-1001.986023
-12.2,10.98,-1001.986
-12.2,10.98,-1001.986023
-14.518,8.845,-998.265015
-14.518,8.845,-998.265015
-14.457,8.174,-997.960022
-14.457,8.174,-997.960022
-13.237,6.893,-997.716003
-16.226,7.381,-995.336975
-12.017,6.649,-997.716003
-12.017,6.649,-997.716003
-13.786,5.795,-998.447998
-14.64,8.113,-999.241028
-14.64,8.113,-999.241028
-10.736,7.137,-1000.765991
-14.274,8.174,-1000.521973
-8.967,8.906,-998.387024
-8.967,8.906,-998.387024
-8.967,8.906,-998.387024
-8.967,8.906,-998.387024
-11.956,8.662,-1002.169006
-12.139,6.405,-1000.583008
-12.383,7.503,-996.374023
-12.383,7.503,-996.374023
-12.383,7.503,-996.374023
-10.065,8.662,-999.851013
-16.287001,10.126,-1003.267029
-16.287001,10.126,-1003.267029
-12.566,9.028,-997.166992
-12.566,9.028,-997.166992
-12.017,7.625,-997.106018
-12.017,7.625,-997.106018
-11.285,6.954,-997.411011
-13.42,8.906,-997.53302
-13.42,8.906,-997.53302
-8.906,9.699,-999.424011
-8.906,9.699,-999.424011
-8.906,9.699,-999.424011
-13.237,6.527,-997.228027
-8.723,8.662,-1000.460999
-8.723,8.662,-1000.460999
-12.749,6.405,-999.302002
-12.749,6.405,-999.302002
-14.213,8.54,-997.349976
-14.213,8.54,-997.349976
-14.213,8.54,-997.349976
-12.688,7.198,-999.179993
-15.372,7.381,-999.241028
-15.372,7.381,-999.241028
-15.372,7.381,-999.241028
-15.372,7.381,-999.241028
-12.81,7.869,-996.679016
-12.81,7.869,-996.679016
-12.383,8.479,-1001.802979
-12.261,6.1,-1001.437012
-12.261,6.1,-1001.437012
-14.884,8.662,-999.789978
-12.2,8.296,-1000.338989
-12.2,8.296,-1000.338989
-14.64,7.93,-999.179993
-14.335,9.516,-1001.742004
-15.372,10.004,-1001.192993
-8.54,9.211,-994.788025
-13.847,7.808,-997.166992
-13.908,7.869,-1000.338989
-10.98,8.784,-1000.156006
-10.98,8.784,-1000.156006
-14.274,7.503,-998.570007
-13.237,8.113,-1000.643982
-13.237,8.113,-1000.643982
-13.237,8.113,-1000.643982
-13.237,8.113,-1000.643982
-13.237,8.113,-1000.643982
-13.786,9.15,-1003.083984
-13.786,9.15,-1003.083984
-14.457,11.285,-1000.033997
-9.15,7.747,-996.679016
-9.15,7.747,-996.679016
-13.542,6.649,-1001.375977
-12.627,8.052,-1001.01001
-12.627,8.052,-1001.01001
-12.627,8.052,-1001.01001
-13.786,8.418,-1000.033997
-13.786,8.418,-1000.033997
-11.529,6.71,-998.935974
-11.163,7.991,-998.630981
-11.59,8.357,-1002.413025
-11.59,8.357,-1002.413025
-11.59,8.357,-1002.413025
-12.261,7.686,-998.997009
-9.638,8.479,-1001.742004
-14.823,9.394,-998.020996
-13.359,7.93,-1000.643982
-12.627,9.821,-996.801025
-13.603,8.235,-1002.596008
-13.42,7.686,-1001.132019
-13.42,7.686,-1001.132019
-13.42,7.686,-1001.132019
-13.42,7.686,-1001.132019
-13.42,7.686,-1001.132019
-9.882,6.832,-1001.132019
-9.882,6.832,-1001.132019
-9.882,6.832,-1001.132019
-13.054,9.333,-996.190979
-13.054,9.333,-996.190979
-13.42,7.869,-998.935974
-12.383,6.588,-996.007996
-10.736,9.15,-1001.802979
-12.749,7.747,-1000.888
-13.908,8.052,-998.692017
-13.908,8.052,-998.692017
-10.919,7.93,-1003.572021
-12.688,7.747,-998.752991
-17.323999,7.503,-1003.328003
-17.323999,7.503,-1003.328003
-11.529,9.15,-1001.01001
-7.442,7.137,-1004.547974
-7.442,7.137,-1004.547974
-11.712,7.076,-998.265015
-11.712,7.076,-998.265015
-11.712,7.076,-998.265015
-11.712,7.076,-998.265015
-11.163,6.832,-997.349976
-16.104,8.479,-1002.840027
-16.104,8.479,-1002.840027
-16.104,8.479,-1002.840027
-16.104,8.479,-1002.840027
-16.104,8.479,-1002.840027
-10.797,8.601,-1001.375977
-11.346,7.503,-997.411011
-12.566,8.296,-998.08197
-12.566,7.015,-1002.718018
-12.932,7.503,-1002.413025
-12.932,8.601,-1002.961975
-12.932,8.601,-1002.961975
-13.664,9.333,-1001.375977
-12.017,8.052,-1002.413025
-13.847,6.893,-1000.888
-10.858,8.479,-998.997009
-12.566,6.954,-996.374023
-10.736,7.137,-996.007996
-10.736,7.137,-996.007996
-10.736,7.137,-996.007996
-13.847,9.272,-1000.278015
-16.775,8.052,-999.302002
-16.775,8.052,-999.302002
-10.797,6.649,-1000.827026
-10.248,7.076,-993.994995
-11.102,5.429,-1000.521973
-10.126,7.564,-998.020996
-13.054,9.76,-1000.21698
-13.054,9.76,-1000.21698
-9.516,7.137,-998.203979
-15.494,6.954,-1002.473999
-15.494,6.954,-1002.473999
-15.494,6.954,-1002.473999
-14.457,7.747,-1000.033997
-10.675,7.381,-997.349976
-10.675,7.381,-997.349976
-10.675,7.381,-997.349976
-12.139,5.795,-1000.705017
-14.152,9.15,-1001.68103
-12.627,6.893,-1002.35199
-12.627,6.893,-1002.35199
-12.627,6.893,-1002.35199
-12.627,6.893,-1002.35199
-12.627,6.893,-1002.35199
-11.529,5.978,-994.482971
-11.529,5.978,-994.482971
-11.529,5.978,-994.482971
-11.529,5.978,-994.482971
-12.078,7.442,-996.73999
-8.967,7.015,-1000.460999
-8.967,7.015,-1000.460999
-8.967,7.015,-1000.460999
-8.967,7.015,-1000.460999
-14.579,7.503,-996.312988
-14.457,7.991,-999.66803
-14.457,7.991,-999.66803
-12.383,7.564,-997.53302
-8.601,6.344,-996.73999
-13.115,9.516,-997.53302
-14.213,7.747,-999.729004
-14.274,8.845,-997.166992
-11.468,7.747,-999.973022
-11.468,7.747,-999.973022
-13.786,8.113,-998.630981
-16.714001,6.71,-999.606995
-16.714001,6.71,-999.606995
-10.98,8.967,-1001.254028
-10.98,8.967,-1001.254028
-12.322,7.686,-999.789978
-9.821,6.771,-997.716003
-14.152,7.808,-996.73999
-14.152,7.808,-996.73999
-14.823,8.235,-1001.619995
-12.505,6.283,-999.241028
-10.797,7.198,-997.960022
-11.041,8.418,-996.312988
-10.492,7.198,-1003.14502
-13.298,8.906,-1000.888
-13.298,8.906,-1000.888
-13.054,8.906,-999.241028
-13.054,8.906,-999.241028
-12.993,9.943,-999.546021
-12.078,9.699,-1002.961975
-12.078,9.699,-1002.961975
-12.078,9.699,-1002.961975
-12.078,9.699,-1002.961975
-12.078,9.699,-1002.961975
-10.797,6.71,-1000.094971
-10.797,6.71,-1000.094971
-11.346,6.832,-1000.888
-9.821,9.76,-995.825012
-9.821,9.76,-995.825012
-13.298,10.614,-999.911987
-11.529,6.466,-998.935974
-11.529,6.466,-998.935974
-14.884,9.028,-1000.400024
-13.42,7.686,-998.752991
-11.041,8.906,-1002.596008
-11.468,7.503,-1003.937988
-14.518,8.479,-999.119019
-10.675,8.723,-1000.948975
-11.773,6.466,-1001.254028
-11.407,8.662,-1004.731018
-11.407,8.662,-1004.731018
-10.797,7.381,-1001.01001
-16.836,9.15,-999.302002
-10.492,9.577,-999.851013
-13.969,5.978,-999.179993
-13.969,5.978,-999.179993
-13.969,5.978,-999.179993
-14.152,7.564,-999.911987
-12.932,6.954,-997.289001
-12.932,6.954,-997.289001
-12.932,6.954,-997.289001
-7.869,6.039,-1000.278015
-7.869,6.039,-1000.278015
-12.017,7.747,-998.692017
-16.653,9.455,-998.692017
-12.444,8.174,-1000.583008
-15.067,8.357,-999.789978
-11.468,9.76,-1000.21698
-15.189,6.893,-1001.01001
-15.189,6.893,-1001.01001
-10.004,8.54,-1001.437012
-13.237,7.198,-1002.534973
-15.128,6.893,-999.179993
-15.128,6.893,-999.179993
-13.481,7.442,-1001.68103
-12.2,8.296,-1000.888
-15.494,6.405,-1000.827026
-16.165001,7.747,-999.789978
-16.165001,7.747,-999.789978
-11.895,9.455,-1000.643982
-11.895,9.455,-1000.643982
-11.895,9.455,-1000.643982
-9.821,7.381,-997.898987
-14.457,7.93,-997.593994
-14.457,7.93,-997.593994
-9.15,7.442,-997.655029
-9.15,7.442,-997.655029
-14.518,8.784,-997.53302
-14.518,8.784,-997.53302
-11.224,5.978,-999.362976
-10.614,8.906,-997.776978
-10.614,8.906,-997.776978
-10.614,8.906,-997.776978
-12.566,5.429,-1002.107971
-15.067,7.015,-999.546021
-13.908,8.601,-1002.35199
-12.627,7.869,-1000.033997
-9.699,7.381,-999.546021
-9.699,7.381,-999.546021
-10.126,9.333,-1002.169006
-11.346,7.442,-1002.169006
-7.625,6.1,-1001.619995
-7.625,6.1,-1001.619995
-15.067,7.259,-995.52002
-14.701,5.856,-1000.705017
-13.908,8.784,-1003.02301
-8.967,6.405,-998.020996
-8.967,6.405,-998.020996
-13.359,8.174,-1000.278015
-13.359,8.174,-1000.278015
-13.359,8.174,-1000.278015
-13.359,8.174,-1000.278015
-5.429,6.832,-1002.778992
-11.834,8.479,-999.424011
-11.834,8.479,-999.424011
-13.359,7.991,-1000.094971
-13.359,7.991,-1000.094971
-13.359,7.991,-1000.094971
-13.359,7.991,-1000.094971
-12.993,6.71,-998.143005
-14.884,6.283,-995.885986
-7.381,8.174,-999.606995
-15.433,8.784,-999.66803
-11.163,7.869,-1001.01001
-11.163,7.869,-1001.01001
-10.614,6.466,-998.630981
-10.614,6.466,-998.630981
-10.614,6.466,-998.630981
-14.213,6.832,-1004.914001
-12.383,8.113,-997.898987
-12.383,8.113,-997.898987
-14.945,10.126,-1000.705017
-14.945,10.126,-1000.705017
-15.921,7.137,-995.703003
-9.272,7.381,-1001.742004
-9.272,7.381,-1001.742004
-9.272,7.381,-1001.742004
-11.834,7.076,-998.325989
-10.37,8.662,-1002.169006
-12.505,8.235,-1002.046997
-12.871,8.235,-1004.487
-9.272,6.161,-998.203979
-9.272,6.161,-998.203979
-9.272,6.161,-998.203979
-9.272,6.161,-998.203979
-14.03,8.723,-1001.192993
-11.529,8.662,-1001.497986
-14.823,9.394,-1000.765991
-12.383,7.137,-1001.01001
-12.444,7.686,-1001.070984
-12.444,7.686,-1001.070984
-12.505,7.686,-999.241028
-12.505,7.686,-999.241028
-11.407,8.906,-998.752991
-11.407,8.906,-998.752991
-11.407,8.906,-998.752991
-11.407,8.906,-998.752991
-10.248,6.771,-996.862
-10.248,6.771,-996.862
-10.248,6.771,-996.862
-13.481,8.601,-1002.413025
-13.115,9.455,-999.424011
-15.799,4.27,-1002.35199
-13.054,7.198,-1000.156006
-13.054,7.198,-1000.156006
-13.054,7.198,-1000.156006
-11.895,8.479,-999.66803
-12.81,7.198,-999.66803
-12.81,7.198,-999.66803
-12.2,5.551,-999.729004
-12.2,5.551,-999.729004
-13.42,9.272,-997.898987
-13.42,9.272,-997.898987
-14.396,8.601,-998.814026
-12.871,7.869,-999.546021
-12.871,7.869,-999.546021
-12.871,7.869,-999.546021
-13.542,6.283,-1002.596008
-12.627,7.015,-998.020996
-13.908,5.978,-1002.22998
-15.555,9.272,-997.776978
-15.555,9.272,-997.776978
-14.213,8.174,-1002.107971
-14.335,6.344,-1002.778992
-14.335,6.344,-1002.778992
-14.335,6.344,-1002.778992
-14.335,6.344,-1002.778992
-14.335,6.344,-1002.778992
-10.98,8.967,-1003.14502
-10.98,8.967,-1003.14502
-15.494,8.723,-997.716003
-14.518,9.333,-999.911987
-12.444,8.845,-997.776978
-14.03,7.808,-1001.315002
-12.871,5.917,-995.947021
-8.723,6.954,-1001.742004
-11.102,5.734,-1000.094971
-11.102,5.734,-1000.094971
-7.747,7.259,-996.617981
-13.786,7.625,-999.66803
-12.139,6.527,-997.471985
-12.139,6.527,-997.471985
-12.139,6.527,-997.471985
-11.468,8.052,-1002.473999
-11.468,8.052,-1002.473999
-13.969,7.869,-999.789978
-13.969,7.869,-999.789978
-10.187,8.601,-997.776978
-10.187,8.601,-997.776978
-10.187,8.601,-997.776978
-15.311,8.357,-1003.877014
-11.041,8.174,-996.801025
-12.383,5.49,-994.909973
-12.383,5.49,-994.909973
-11.468,6.527,-998.508972
-11.468,6.527,-998.508972
-11.468,6.527,-998.508972
-15.738,8.723,-998.447998
-13.42,7.991,-999.362976
-10.614,5.307,-1000.521973
-13.847,8.357,-1000.094971
-13.847,8.357,-1000.094971
-14.091,8.479,-996.007996
-11.773,8.784,-996.73999
-17.568001,8.235,-1003.937988
-17.568001,8.235,-1003.937988
-12.566,7.137,-1000.400024
-12.566,7.137,-1000.400024
-11.651,8.357,-996.617981
-11.651,8.357,-996.617981
-11.651,8.357,-996.617981
-11.651,8.357,-996.617981
-14.396,7.869,-1002.169006
-13.481,7.747,-1001.924988
-14.091,7.991,-998.692017
-14.091,7.991,-998.692017
-14.091,7.991,-998.692017
-10.004,6.405,-1000.338989
-10.004,6.405,-1000.338989
-10.004,6.405,-1000.338989
-9.394,7.625,-1000.400024
-9.394,7.625,-1000.400024
-13.786,7.381,-1001.559021
-13.542,9.943,-1000.278015
-11.102,9.028,-1002.35199
-11.102,9.028,-1002.35199
-11.102,9.028,-1002.35199
-12.2,6.832,-997.106018
-17.018999,8.357,-1000.948975
-14.762,6.71,-1000.643982
-14.762,6.71,-1000.643982
-14.762,6.71,-1000.643982
-14.762,6.71,-1000.643982
-14.762,6.71,-1000.643982
-14.762,6.71,-1000.643982
-14.762,6.71,-1000.643982
-14.762,6.71,-1000.643982
-10.98,7.747,-1003.755005
-10.98,7.747,-1003.755005
-10.309,6.832,-1005.280029
-11.773,7.869,-998.325989
-11.773,7.869,-998.325989
-11.773,7.869,-998.325989
-11.773,7.869,-998.325989
-13.725,8.113,-997.044983
-10.37,8.967,-997.106018
-10.37,8.967,-997.106018
-10.37,8.967,-997.106018
-13.054,7.015,-1001.192993
-13.054,7.015,-1001.192993
-13.115,7.869,-996.434998
-15.25,7.015,-999.546021
-15.25,7.015,-999.546021
-11.102,6.893,-998.447998
-12.2,7.808,-1003.328003
-12.2,7.808,-1003.328003
-12.2,7.808,-1003.328003
-12.627,7.625,-997.776978
-13.054,7.381,-1002.840027
-16.104,7.564,-997.106018
-16.896999,8.296,-997.411011
-16.896999,8.296,-997.411011
-13.359,7.503,-999.66803
-13.359,7.503,-999.66803
-15.189,7.076,-995.39801
-15.189,7.076,-995.39801
-15.189,7.076,-995.39801
-11.041,9.333,-1002.22998
-11.041,9.333,-1002.22998
-13.176,7.564,-997.53302
-12.81,6.039,-994.60498
-14.213,7.747,-997.53302
-14.213,7.747,-997.53302
-14.457,9.333,-1002.107971
-12.993,6.954,-1000.765991
-12.993,6.954,-1000.765991
-12.993,6.954,-1000.765991
-13.298,8.174,-1000.705017
-11.712,5.795,-996.312988
-14.884,7.564,-1000.583008
-12.932,7.015,-998.265015
-12.932,7.015,-998.265015
-12.932,7.015,-998.265015
-12.932,7.015,-998.265015
-13.237,9.211,-1004.547974
-14.945,9.211,-997.411011
-10.309,7.137,-1001.254028
-13.176,8.052,-998.692017
-13.176,8.052,-998.692017
-13.176,8.052,-998.692017
-10.492,8.052,-997.593994
-10.492,8.052,-997.593994
-10.492,8.052,-997.593994
-11.773,9.333,-1004.242981
-10.492,8.113,-1001.619995
-10.431,8.784,-1000.827026
-10.431,8.784,-1000.827026
-12.627,7.686,-1000.765991
-10.736,8.54,-999.911987
-11.041,7.564,-999.484985
-13.725,7.381,-997.471985
-13.725,7.381,-997.471985
-13.725,7.381,-997.471985
-13.115,7.93,-1000.583008
-13.115,7.93,-1000.583008
-13.115,7.93,-1000.583008
-13.115,7.93,-1000.583008
-12.627,8.54,-1001.924988
-11.834,8.357,-997.53302
-12.322,8.052,-1004.609009
-13.054,9.516,-1001.559021
-13.054,9.516,-1001.559021
-9.028,6.222,-997.411011
-12.505,8.296,-1002.534973
-17.018999,5.185,-1002.473999
-17.018999,5.185,-1002.473999
-10.37,7.869,-1001.437012
-10.37,7.869,-1001.437012
-10.37,7.869,-1001.437012
-10.37,7.869,-1001.437012
-10.37,7.869,-1001.437012
-13.054,6.71,-993.38501
-15.372,8.113,-999.362976
-13.847,8.418,-1000.583008
-12.627,7.93,-995.763977
-10.553,5.612,-997.289001
-12.688,7.381,-997.289001
-12.688,7.381,-997.289001
-11.102,7.198,-998.265015
-9.394,5.673,-1001.192993
-9.394,5.673,-1001.192993
-9.394,5.673,-1001.192993
-15.25,9.455,-1000.21698
-11.59,7.93,-1000.156006
-11.59,7.93,-1000.156006
-11.59,7.93,-1000.156006
-11.59,7.93,-1000.156006
-11.59,7.93,-1000.156006
-9.821,8.784,-1000.21698
-9.821,8.784,-1000.21698
-9.821,8.784,-1000.21698
-12.871,8.296,-1000.643982
-12.871,8.296,-1000.643982
-12.871,8.296,-1000.643982
-12.871,8.296,-1000.643982
-11.285,9.211,-998.265015
-11.285,9.211,-998.265015
-14.701,6.588,-998.325989
-11.102,6.466,-998.387024
-14.274,7.503,-1005.463013
-14.091,6.588,-997.228027
-14.091,6.588,-997.228027
-10.248,4.575,-997.411011
-16.653,7.747,-997.166992
-16.653,7.747,-997.166992
-16.653,7.747,-997.166992
-16.653,7.747,-997.166992
-16.653,7.747,-997.166992
-11.468,7.259,-1001.375977
-12.017,5.307,-998.143005
-12.627,6.893,-998.570007
-13.42,9.516,-1001.375977
-13.42,9.516,-1001.375977
-12.566,6.466,-1003.572021
-12.566,6.466,-1003.572021
-12.2,7.381,-1000.21698
-11.285,6.832,-1001.437012
-11.285,6.832,-1001.437012
-12.993,7.198,-1001.68103
-12.993,7.198,-1001.68103
-15.25,7.625,-1000.460999
-15.25,7.625,-1000.460999
-15.25,7.625,-1000.460999
-15.25,7.625,-1000.460999
-11.407,7.564,-998.020996
-12.444,7.564,-1000.156006
-13.603,8.052,-1000.460999
-11.529,7.869,-1000.705017
-13.725,9.394,-1000.21698
-13.725,9.394,-1000.21698
-15.616,7.686,-994.239014
-15.616,7.686,-994.239014
-13.115,9.15,-998.020996
-16.226,8.052,-1000.888
-16.226,8.052,-1000.888
-12.688,7.259,-999.606995
-13.237,7.991,-1000.156006
-11.834,5.673,-995.458984
-9.638,6.1,-998.143005
-10.431,8.784,-1000.460999
-10.675,7.747,-998.08197
-13.664,8.235,-1003.205994
-15.189,9.028,-997.289001
-13.908,8.54,-1002.107971
-13.908,8.54,-1002.107971
-13.908,8.54,-1002.107971
-11.834,5.978,-998.875
-15.128,7.32,-998.692017
-11.651,8.784,-996.190979
-11.651,8.784,-996.190979
-12.139,6.893,-1001.070984
-12.139,6.893,-1001.070984
-10.675,7.137,-1003.083
-11.59,9.333,-996.557007
-11.163,7.198,-996.73999
-11.163,7.198,-996.73999
-13.237,7.503,-1002.046997
-8.967,8.052,-1001.497986
-8.967,8.052,-1001.497986
-10.98,8.357,-1005.218994
-11.773,6.222,-998.020996
-11.773,6.222,-998.020996
-11.773,6.222,-998.020996
-12.383,7.686,-1003.083984
-12.383,7.686,-1003.083984
-15.25,8.601,-997.289001
-15.25,8.601,-997.289001
-11.407,6.222,-1000.156006
-13.42,7.259,-996.374023
-12.932,9.15,-998.447998
-15.433,8.845,-998.08197
-15.555,8.235,-1002.22998
-15.555,8.235,-1002.22998
-9.882,8.967,-998.692017
-11.041,7.198,-998.875
-11.407,6.405,-1001.437012
-14.03,8.052,-1000.338989
-14.03,8.052,-1000.338989
-10.065,8.418,-997.411011
-10.065,8.418,-997.411011
-10.065,8.418,-997.411011
-8.174,8.906,-995.215027
-14.518,6.344,-995.031982
-14.518,6.344,-995.031982
-12.871,7.32,-998.570007
-14.579,7.93,-998.935974
-12.505,7.442,-997.960022
-13.481,8.052,-1001.01001
-14.274,7.625,-993.994995
-13.298,8.357,-997.53302
-10.614,8.113,-1005.828979
-10.614,8.113,-1005.828979
-13.237,7.259,-998.325989
-13.237,7.259,-998.325989
-12.627,6.344,-998.997009
-13.298,7.381,-999.66803
-13.298,7.381,-999.66803
-12.261,7.808,-1000.278015
-14.518,7.015,-999.606995
-14.518,7.015,-999.606995
-13.237,8.662,-996.984009
-13.237,8.662,-996.984009
-11.041,8.479,-998.935974
-10.858,7.991,-1002.046997
-10.858,7.991,-1002.046997
-10.858,7.991,-1002.046997
-10.858,7.991,-1002.046997
-13.969,7.625,-997.228027
-13.969,7.625,-997.228027
-13.908,6.954,-1001.192993
-12.139,6.1,-1001.864014
-12.139,6.1,-1001.864014
-8.113,7.625,-996.190979
-8.113,7.625,-996.190979
-10.98,6.405,-997.106018
-10.98,6.405,-997.106018
-12.932,7.93,-997.166992
-14.152,7.076,-996.617981
-14.152,7.076,-996.617981
-11.895,8.662,-1004.059998
-16.104,5.795,-1001.986023
-10.431,6.588,-999.424011
-8.296,5.612,-998.814026
-11.468,6.466,-1003.572021
-11.468,6.466,-1003.572021
-11.346,6.527,-1000.400024
-11.956,7.198,-999.241028
-11.956,7.198,-999.241028
-11.956,7.198,-999.241028
-11.407,8.357,-1002.046997
-11.407,8.357,-1002.046997
-11.407,8.357,-1002.046997
-11.407,8.357,-1002.046997
-10.98,5.734,-998.387024
-10.98,5.734,-998.387024
-14.457,9.15,-999.302002
-14.457,9.15,-999.302002
-13.603,7.381,-995.947021
-15.494,7.442,-1000.948975
-15.494,7.442,-1000.948975
-10.797,8.113,-998.508972
-10.797,8.113,-998.508972
-13.603,6.832,-995.642029
-12.2,7.015,-998.508972
-12.2,7.015,-998.508972
-12.2,7.015,-998.508972
-12.2,7.015,-998.508972
-12.2,7.015,-998.508972
-12.2,7.015,-998.508972
-14.945,8.235,-1004.669983
-12.566,5.978,-999.119019
-10.98,7.015,-997.838013
-10.98,7.015,-997.838013
-11.102,7.442,-1000.156006
-13.725,8.662,-1002.107971
-11.773,9.211,-995.885986
-11.773,9.211,-995.885986
-11.773,9.211,-995.885986
-10.065,6.405,-998.814026
-10.065,6.405,-998.814026
-11.956,8.723,-1001.070984
-14.884,8.052,-999.179993
-15.372,8.723,-1000.521973
-15.372,8.723,-1000.521973
-15.372,8.723,-1000.521973
-15.372,8.723,-1000.521973
-14.152,8.235,-1000.156006
-14.152,8.235,-1000.156006
-12.078,6.954,-996.73999
-12.078,6.954,-996.73999
-12.078,6.954,-996.73999
-12.078,6.954,-996.73999
-12.017,7.686,-995.52002
-9.821,8.235,-1000.033997
-9.821,8.235,-1000.033997
-9.821,8.235,-1000.033997
-9.821,8.235,-1000.033997
-11.529,7.869,-996.495972
-11.224,6.222,-998.265015
-6.161,7.686,-1003.572021
-6.161,7.686,-1003.572021
-12.261,7.259,-1003.328003
-12.261,7.259,-1003.328003
-12.261,7.259,-1003.328003
-12.261,7.259,-1003.328003
-12.261,7.259,-1003.328003
-9.211,5.795,-1002.901001
-9.211,5.795,-1002.901001
-11.346,5.612,-999.789978
-9.516,7.747,-997.289001
-9.516,7.747,-997.289001
-8.967,7.93,-996.190979
-12.81,6.893,-998.020996
-12.81,6.893,-998.020996
-12.81,6.893,-998.020996
-12.81,6.893,-998.020996
-12.444,6.161,-999.606995
-10.98,7.076,-997.166992
-10.736,7.625,-1001.070984
-10.736,7.625,-1001.070984
-6.954,8.418,-998.570007
-6.954,8.418,-998.570007
-15.067,6.222,-998.447998
-15.067,6.222,-998.447998
-14.03,8.113,-1000.521973
-12.261,6.161,-999.484985
-13.481,7.564,-1002.107971
-13.481,7.564,-1002.107971
-13.481,7.564,-1002.107971
-11.346,6.283,-998.265015
-11.346,6.283,-998.265015
-15.616,6.954,-1001.802979
-10.065,7.076,-998.630981
-13.115,7.259,-1001.437012
-13.054,7.625,-1000.460999
-13.054,7.625,-1000.460999
-13.969,8.601,-1002.596008
-13.969,8.601,-1002.596008
-12.932,7.564,-999.424011
-12.932,7.564,-999.424011
-12.932,7.564,-999.424011
-14.213,8.418,-1002.473999
-10.553,7.808,-1002.291016
-10.553,7.808,-1002.291016
-15.128,5.917,-998.265015
-12.932,6.893,-999.789978
-14.762,8.906,-995.763977
-14.762,8.906,-995.763977
-9.577,7.686,-998.570007
-12.932,7.991,-1000.338989
-14.884,5.551,-996.252014
-11.712,7.625,-1000.643982
-11.712,7.625,-1000.643982
-11.712,7.625,-1000.643982
-13.664,7.93,-998.08197
-13.664,7.93,-998.08197
-11.468,7.625,-1002.22998
-12.078,8.967,-1002.22998
-12.078,8.967,-1002.22998
-11.956,7.259,-998.020996
-10.797,7.198,-999.789978
-12.627,7.808,-1001.315002
-12.627,7.808,-1001.315002
-10.919,7.503,-1001.437012
-12.383,7.991,-1001.864014
-12.261,7.564,-996.434998
-12.261,7.564,-996.434998
-10.37,7.076,-999.851013
-9.455,6.588,-1002.107971
-9.455,6.588,-1002.107971
-12.505,6.283,-997.898987
-9.882,6.344,-1000.827026
-12.81,6.771,-998.143005
-12.81,6.771,-998.143005
-11.59,7.32,-999.606995
-14.213,7.564,-1000.21698
-14.213,7.564,-1000.21698
-14.213,7.564,-1000.21698
-9.15,6.649,-997.53302
-15.555,7.991,-998.203979
-11.712,7.137,-1000.460999
-11.712,7.137,-1000.460999
-14.518,8.601,-1002.35199
-13.176,6.771,-1001.375977
-11.529,7.076,-997.960022
-10.797,7.625,-998.570007
-10.797,7.625,-998.570007
-10.797,7.625,-998.570007
-11.529,8.601,-1004.426025
-13.237,7.93,-1003.937988
-13.237,7.93,-1003.937988
-13.603,8.845,-996.679016
-12.81,7.076,-1000.278015
-12.81,7.076,-1000.278015
-12.566,7.625,-1000.765991
-12.566,7.625,-1000.765991
-12.566,7.625,-1000.765991
-14.213,7.32,-1000.338989
-13.603,6.039,-1001.497986
-13.603,6.039,-1001.497986
-12.749,8.479,-995.947021
-12.749,8.479,-995.947021
-13.786,8.113,-997.838013
-12.566,8.296,-1001.497986
-12.566,8.296,-1001.497986
-12.566,8.296,-1001.497986
-12.566,8.296,-1001.497986
-12.566,8.296,-1001.497986
-10.492,8.174,-998.508972
-12.688,7.32,-1000.948975
-12.688,7.32,-1000.948975
-12.688,7.32,-1000.948975
-11.956,6.71,-998.875
-11.346,8.296,-999.362976
-13.115,8.967,-999.057983
-13.115,8.967,-999.057983
-13.115,8.967,-999.057983
-13.115,8.967,-999.057983
-13.115,8.967,-999.057983
-12.627,8.052,-999.362976
-12.627,8.052,-999.362976
-12.627,8.052,-999.362976
-12.627,8.052,-999.362976
-12.627,8.052,-999.362976
-12.444,6.588,-996.130005
-12.871,7.808,-1000.948975
-12.871,7.808,-1000.948975
-11.102,7.137,-1003.083984
-9.272,8.235,-1001.315002
-10.065,4.88,-998.508972
-10.797,7.625,-1001.132019
-10.797,7.625,-1001.132019
-10.797,7.625,-1001.132019
-8.174,7.259,-999.789978
-12.505,7.991,-999.362976
-12.505,7.991,-999.362976
-10.614,7.076,-1002.22998
-10.614,7.076,-1002.22998
-10.614,7.076,-1002.22998
-10.614,7.076,-1002.22998
-10.736,6.71,-995.825012
-9.882,7.015,-999.66803
-9.882,7.015,-999.66803
-9.882,7.015,-999.66803
-15.189,6.771,-996.557007
-15.189,6.771,-996.557007
-12.322,6.771,-997.960022
-12.322,6.771,-997.960022
-12.322,6.771,-997.960022
-13.298,7.869,-1000.094971
-10.065,7.991,-998.752991
-10.065,7.991,-998.752991
-13.054,6.466,-995.336975
-13.054,6.466,-995.336975
-11.834,7.747,-1001.070984
-11.834,7.747,-1001.070984
-13.725,7.442,-1001.254028
-10.187,6.71,-996.617981
-10.187,6.71,-996.617981
-10.187,6.71,-996.617981
-14.579,8.418,-998.020996
-14.579,8.418,-998.020996
-15.86,7.93,-1000.094971
-15.86,7.93,-1000.094971
-8.845,7.198,-1000.338989
-9.699,5.429,-997.53302
-9.699,5.429,-997.53302
-11.895,6.832,-996.190979
-11.895,6.832,-996.190979
-11.895,6.832,-996.190979
-11.895,6.832,-996.190979
-12.81,7.076,-1000.400024
-12.81,7.076,-1000.400024
-14.762,7.015,-997.960022
-14.762,7.015,-997.960022
-14.762,7.015,-997.960022
-14.762,7.015,-997.960022
-11.895,7.625,-1003.328003
-11.895,7.625,-1003.328003
-11.895,7.625,-1003.328003
-11.895,7.625,-1003.328003
-11.895,7.625,-1003.328003
-10.919,7.808,-997.411011
-12.2,7.259,-999.484985
-10.919,6.222,-999.119019
-10.919,6.222,-999.119019
-10.309,5.734,-1001.68103
-10.309,5.734,-1001.68103
-13.237,7.015,-1001.742004
-10.675,6.527,-1001.802979
-12.627,7.564,-998.752991
-12.627,7.564,-998.752991
-12.688,8.052,-999.729004
-12.688,8.052,-999.729004
-12.688,8.052,-999.729004
-12.688,8.052,-999.729004
-12.688,8.052,-999.729004
-12.688,8.052,-999.729004
-12.688,8.052,-999.729004
-12.688,8.052,-999.729004
-11.773,8.052,-1002.22998
-11.773,8.052,-1002.22998
-11.773,8.052,-1002.22998
-11.773,8.052,-1002.22998
-11.773,8.052,-1002.22998
-10.004,7.869,-998.508972
-12.566,6.954,-999.851013
-12.566,6.954,-999.851013
-11.895,5.856,-999.606995
-12.566,7.808,-1000.460999
-10.736,8.54,-998.143005
-10.736,8.54,-998.143005
-12.444,7.015,-998.508972
-12.444,7.015,-998.508972
-11.712,7.076,-999.973022
-11.712,7.076,-999.973022
-12.932,6.893,-997.044983
-10.187,7.076,-1002.534973
-12.505,6.222,-998.752991
-11.163,5.734,-997.228027
-14.945,7.381,-998.325989
-11.346,6.344,-999.911987
-9.15,7.564,-999.973022
-9.15,7.564,-999.973022
-11.102,7.686,-1003.572021
-11.102,7.686,-1003.572021
-11.102,7.686,-1003.572021
-13.786,10.37,-1001.375977
-14.884,5.368,-999.729004
-14.884,5.368,-999.729004
-14.884,5.368,-999.729004
-11.712,5.856,-1002.473999
-13.664,8.296,-999.66803
-10.309,6.649,-996.557007
-12.017,7.808,-1000.094971
-12.017,7.808,-1000.094971
-13.786,6.71,-998.814026
-11.468,6.527,-1000.583008
-11.468,6.527,-1000.583008
-10.309,6.893,-999.302002
-10.309,6.893,-999.302002
-10.309,6.893,-999.302002
-14.213,9.272,-1000.765991
-12.444,7.747,-999.973022
-12.444,7.747,-999.973022
-9.699,6.649,-994.482971
-9.699,6.649,-994.482971
-9.699,6.649,-994.482971
-10.919,5.917,-996.312988
-8.906,7.564,-999.179993
-12.444,8.784,-1001.619995
-12.444,8.784,-1001.619995
-12.444,8.784,-1001.619995
-10.736,6.954,-1000.705017
-10.736,6.954,-1000.705017
-11.407,6.649,-996.190979
-12.383,8.479,-1003.510986
-11.712,5.612,-1003.632996
-11.712,5.612,-1003.632996
-11.712,5.612,-1003.632996
-11.712,5.612,-1003.632996
-11.712,5.612,-1003.632996
-11.041,6.405,-994.421997
-15.006,7.198,-993.629028
-15.006,7.198,-993.629028
-12.932,8.296,-999.911987
-10.736,6.954,-997.593994
-11.59,6.344,-997.776978
-14.701,7.076,-1001.132019
-12.322,7.869,-998.752991
-12.322,7.869,-998.752991
-14.03,8.052,-1000.705017
-14.03,8.052,-1000.705017
-14.213,7.503,-1000.400024
-12.444,8.052,-999.729004
-11.407,6.283,-995.885986
-11.407,6.283,-995.885986
-10.614,7.686,-1002.778992
-10.614,7.686,-1002.778992
-10.614,7.686,-1002.778992
-10.98,8.723,-998.875
-10.98,8.723,-998.875
-14.091,7.076,-999.484985
-12.688,9.211,-996.984009
-13.176,7.015,-1000.094971
-13.176,7.015,-1000.094971
-13.237,8.479,-996.617981
-8.174,7.015,-1001.192993
-11.346,6.771,-999.911987
-11.346,6.771,-999.911987
-9.455,8.235,-997.655029
-9.455,8.235,-997.655029
-14.274,8.296,-998.692017
-14.274,8.296,-998.692017
